{
  "flow_detect":{
    "PLA":{
      "min":0.035999999999999997,
      "max":0.050000000000000003,
      "optimal":0.043999999999999997
    },
    "ABS":{
      "min":0.040000000000000001,
      "max":0.059999999999999998,
      "optimal":0.050000000000000003
    },
    "PETG":{
      "min":0.066000000000000003,
      "max":0.075999999999999998,
      "optimal":0.070000000000000007
    },
    "TPU":{
      "min":0.080000000000000002,
      "max":0.10000000000000001,
      "optimal":0.089999999999999997
    },
    "Silk-PLA":{
      "min":0.050000000000000003,
      "max":0.059999999999999998,
      "optimal":0.053999999999999999
    },
    "other":{
      "min":0.029999999999999999,
      "max":0.059999999999999998,
      "optimal":0.043999999999999997
    }
  }
}